{
    "eng": {
        "a": 0.0809447409829996,
        "b": 0.015148961592708583,
        "c": 0.05204307809440482,
        "d": 0.04293491108938036,
        "e": 0.14825920677671414,
        "f": 0.03131949725762427,
        "g": 0.02876874856954799,
        "h": 0.060425687951418,
        "i": 0.1313805527388063,
        "j": 0.0019676673129642402,
        "k": 0.007008344501190613,
        "l": 0.08705595207165057,
        "m": 0.05157577791801757,
        "n": 0.15719949545242673,
        "o": 0.1763915148540979,
        "p": 0.0683833682338339,
        "q": 0.007609455650986964,
        "r": 0.2319118872344287,
        "s": 0.29690618261506,
        "t": 0.5476011371258079,
        "u": 0.41224458929400665,
        "v": 0.2569626396743396,
        "w": 0.3929720522931911,
        "x": 0.12317417355444318,
        "y": 0.937839902573039,
        "z": 0.9681108004233923
    },
    "rus": {
        "a": 0.0006940938919737506,
        "b": 0.00017680116028646076,
        "c": 0.0002526177486705543,
        "d": 0.0002779497376877097,
        "e": 0.0006192419862775412,
        "f": 0.00010116337627186023,
        "g": 0.0001770538196114324,
        "h": 0.00010119152732637556,
        "i": 0.000809614143666469,
        "j": 1.2660470961478484e-05,
        "k": 6.330315624501713e-05,
        "l": 0.00027855152044524905,
        "m": 0.0001266496054686047,
        "n": 0.0004686628954529032,
        "o": 0.0006082801823551229,
        "p": 0.00021556368604070178,
        "r": 0.0005707327848693764,
        "s": 0.000456846962127534,
        "t": 0.0006982796394674791,
        "u": 0.00035573621665955835,
        "v": 0.0002160595622066086,
        "x": 0.0006610308928621156,
        "y": 0.000152646493425624,
        "а": 0.07039349919445717,
        "б": 0.012837343192911351,
        "в": 0.04942458735992232,
        "г": 0.017662036229352487,
        "д": 0.03180204534501461,
        "е": 0.10517972142119446,
        "ж": 0.011841661989006946,
        "з": 0.02431397679373096,
        "и": 0.12267968939917678,
        "й": 0.018233958377608266,
        "к": 0.05817352171259283,
        "л": 0.06669656671594694,
        "м": 0.05533435724717957,
        "н": 0.12550121997633723,
        "о": 0.22964707558781497,
        "п": 0.0723033582292139,
        "р": 0.17870151433715545,
        "с": 0.21632342456590622,
        "т": 0.342940631021726,
        "у": 0.15156332941473974,
        "ф": 0.03756661571504263,
        "х": 0.11951630831386711,
        "ц": 0.050607242903715724,
        "ч": 0.1333300765090027,
        "ш": 0.045134452979578805,
        "щ": 0.06074873259353827,
        "ъ": 0.01080905501860501,
        "ы": 0.28159793194217553,
        "ь": 0.25232446692833954,
        "э": 0.1343798608760492,
        "ю": 0.2311162907256614,
        "я": 0.8986504707627899,
        "ё": 0.9644462321297286,
        "q": 0.12210197096892027,
        "w": 0.2735238004688826
    }
}